"","iteration","nLED","type"
"1",1,0.900231481481481,"random_letter"
"2",2,0.888425925925926,"random_letter"
"3",3,0.921990740740741,"random_letter"
"4",4,0.940046296296296,"random_letter"
"5",5,0.926851851851852,"random_letter"
"6",6,0.878703703703704,"random_letter"
"7",7,0.9125,"random_letter"
"8",8,0.918055555555556,"random_letter"
"9",9,0.919212962962963,"random_letter"
"10",10,0.902546296296296,"random_letter"
"11",11,0.900231481481481,"random_letter"
"12",12,0.876157407407407,"random_letter"
"13",13,0.917592592592593,"random_letter"
"14",14,0.910185185185185,"random_letter"
"15",15,0.886805555555556,"random_letter"
"16",16,0.900462962962963,"random_letter"
"17",17,0.936111111111111,"random_letter"
"18",18,0.910648148148148,"random_letter"
"19",19,0.906944444444444,"random_letter"
"20",20,0.925,"random_letter"
"21",21,0.934027777777778,"random_letter"
"22",22,0.927314814814815,"random_letter"
"23",23,0.899768518518518,"random_letter"
"24",24,0.921759259259259,"random_letter"
"25",25,0.891898148148148,"random_letter"
"26",26,0.923148148148148,"random_letter"
"27",27,0.908101851851852,"random_letter"
"28",28,0.893287037037037,"random_letter"
"29",29,0.927546296296296,"random_letter"
"30",30,0.905787037037037,"random_letter"
"31",31,0.907638888888889,"random_letter"
"32",32,0.92037037037037,"random_letter"
"33",33,0.902083333333333,"random_letter"
"34",34,0.911111111111111,"random_letter"
"35",35,0.916898148148148,"random_letter"
"36",36,0.903703703703704,"random_letter"
"37",37,0.91412037037037,"random_letter"
"38",38,0.906481481481481,"random_letter"
"39",39,0.881481481481482,"random_letter"
"40",40,0.87962962962963,"random_letter"
"41",41,0.92337962962963,"random_letter"
"42",42,0.915277777777778,"random_letter"
"43",43,0.898148148148148,"random_letter"
"44",44,0.876851851851852,"random_letter"
"45",45,0.9,"random_letter"
"46",46,0.943055555555556,"random_letter"
"47",47,0.892361111111111,"random_letter"
"48",48,0.910416666666667,"random_letter"
"49",49,0.940277777777778,"random_letter"
"50",50,0.912268518518519,"random_letter"
"51",51,0.920601851851852,"random_letter"
"52",52,0.897916666666667,"random_letter"
"53",53,0.937962962962963,"random_letter"
"54",54,0.925462962962963,"random_letter"
"55",55,0.915277777777778,"random_letter"
"56",56,0.922453703703704,"random_letter"
"57",57,0.887268518518519,"random_letter"
"58",58,0.884027777777778,"random_letter"
"59",59,0.928703703703704,"random_letter"
"60",60,0.867361111111111,"random_letter"
"61",61,0.913888888888889,"random_letter"
"62",62,0.938425925925926,"random_letter"
"63",63,0.92962962962963,"random_letter"
"64",64,0.922685185185185,"random_letter"
"65",65,0.870138888888889,"random_letter"
"66",66,0.921064814814815,"random_letter"
"67",67,0.902314814814815,"random_letter"
"68",68,0.91875,"random_letter"
"69",69,0.918981481481482,"random_letter"
"70",70,0.915046296296296,"random_letter"
"71",71,0.906944444444444,"random_letter"
"72",72,0.890277777777778,"random_letter"
"73",73,0.865740740740741,"random_letter"
"74",74,0.897685185185185,"random_letter"
"75",75,0.891666666666667,"random_letter"
"76",76,0.902546296296296,"random_letter"
"77",77,0.906481481481481,"random_letter"
"78",78,0.923842592592593,"random_letter"
"79",79,0.925231481481481,"random_letter"
"80",80,0.908796296296296,"random_letter"
"81",81,0.933333333333333,"random_letter"
"82",82,0.909259259259259,"random_letter"
"83",83,0.884490740740741,"random_letter"
"84",84,0.911805555555556,"random_letter"
"85",85,0.916666666666667,"random_letter"
"86",86,0.898842592592593,"random_letter"
"87",87,0.934259259259259,"random_letter"
"88",88,0.910416666666667,"random_letter"
"89",89,0.911111111111111,"random_letter"
"90",90,0.908796296296296,"random_letter"
"91",91,0.919907407407407,"random_letter"
"92",92,0.911111111111111,"random_letter"
"93",93,0.896759259259259,"random_letter"
"94",94,0.916435185185185,"random_letter"
"95",95,0.912268518518519,"random_letter"
"96",96,0.903703703703704,"random_letter"
"97",97,0.916435185185185,"random_letter"
"98",98,0.928240740740741,"random_letter"
"99",99,0.904861111111111,"random_letter"
"100",100,0.909490740740741,"random_letter"
"101",101,0.892592592592593,"random_letter"
"102",102,0.899537037037037,"random_letter"
"103",103,0.916203703703704,"random_letter"
"104",104,0.91875,"random_letter"
"105",105,0.922453703703704,"random_letter"
"106",106,0.897685185185185,"random_letter"
"107",107,0.918055555555556,"random_letter"
"108",108,0.908333333333333,"random_letter"
"109",109,0.911805555555556,"random_letter"
"110",110,0.929861111111111,"random_letter"
"111",111,0.913425925925926,"random_letter"
"112",112,0.919907407407407,"random_letter"
"113",113,0.923842592592593,"random_letter"
"114",114,0.894212962962963,"random_letter"
"115",115,0.925694444444444,"random_letter"
"116",116,0.944444444444444,"random_letter"
"117",117,0.917361111111111,"random_letter"
"118",118,0.908796296296296,"random_letter"
"119",119,0.930092592592593,"random_letter"
"120",120,0.925231481481481,"random_letter"
"121",121,0.900462962962963,"random_letter"
"122",122,0.913425925925926,"random_letter"
"123",123,0.865972222222222,"random_letter"
"124",124,0.926157407407407,"random_letter"
"125",125,0.921064814814815,"random_letter"
"126",126,0.918287037037037,"random_letter"
"127",127,0.903703703703704,"random_letter"
"128",128,0.941898148148148,"random_letter"
"129",129,0.906944444444444,"random_letter"
"130",130,0.918518518518519,"random_letter"
"131",131,0.904398148148148,"random_letter"
"132",132,0.904861111111111,"random_letter"
"133",133,0.926388888888889,"random_letter"
"134",134,0.883564814814815,"random_letter"
"135",135,0.903009259259259,"random_letter"
"136",136,0.904861111111111,"random_letter"
"137",137,0.911111111111111,"random_letter"
"138",138,0.912268518518519,"random_letter"
"139",139,0.943055555555556,"random_letter"
"140",140,0.888425925925926,"random_letter"
"141",141,0.895833333333333,"random_letter"
"142",142,0.911805555555556,"random_letter"
"143",143,0.908333333333333,"random_letter"
"144",144,0.932407407407407,"random_letter"
"145",145,0.917361111111111,"random_letter"
"146",146,0.896064814814815,"random_letter"
"147",147,0.903703703703704,"random_letter"
"148",148,0.906944444444444,"random_letter"
"149",149,0.883564814814815,"random_letter"
"150",150,0.90462962962963,"random_letter"
"151",151,0.938425925925926,"random_letter"
"152",152,0.905092592592593,"random_letter"
"153",153,0.877777777777778,"random_letter"
"154",154,0.890509259259259,"random_letter"
"155",155,0.938425925925926,"random_letter"
"156",156,0.918287037037037,"random_letter"
"157",157,0.917592592592593,"random_letter"
"158",158,0.924074074074074,"random_letter"
"159",159,0.943287037037037,"random_letter"
"160",160,0.887268518518519,"random_letter"
"161",161,0.890277777777778,"random_letter"
"162",162,0.917592592592593,"random_letter"
"163",163,0.878009259259259,"random_letter"
"164",164,0.938425925925926,"random_letter"
"165",165,0.89212962962963,"random_letter"
"166",166,0.947222222222222,"random_letter"
"167",167,0.909027777777778,"random_letter"
"168",168,0.906481481481481,"random_letter"
"169",169,0.931481481481481,"random_letter"
"170",170,0.927314814814815,"random_letter"
"171",171,0.887962962962963,"random_letter"
"172",172,0.949074074074074,"random_letter"
"173",173,0.923611111111111,"random_letter"
"174",174,0.903240740740741,"random_letter"
"175",175,0.928472222222222,"random_letter"
"176",176,0.908564814814815,"random_letter"
"177",177,0.922453703703704,"random_letter"
"178",178,0.914583333333333,"random_letter"
"179",179,0.927314814814815,"random_letter"
"180",180,0.908333333333333,"random_letter"
"181",181,0.938888888888889,"random_letter"
"182",182,0.918055555555556,"random_letter"
"183",183,0.909027777777778,"random_letter"
"184",184,0.910416666666667,"random_letter"
"185",185,0.924768518518518,"random_letter"
"186",186,0.8875,"random_letter"
"187",187,0.912037037037037,"random_letter"
"188",188,0.933101851851852,"random_letter"
"189",189,0.911805555555556,"random_letter"
"190",190,0.909027777777778,"random_letter"
"191",191,0.944907407407407,"random_letter"
"192",192,0.905555555555556,"random_letter"
"193",193,0.914814814814815,"random_letter"
"194",194,0.922685185185185,"random_letter"
"195",195,0.934027777777778,"random_letter"
"196",196,0.905324074074074,"random_letter"
"197",197,0.904398148148148,"random_letter"
"198",198,0.896990740740741,"random_letter"
"199",199,0.926157407407407,"random_letter"
"200",200,0.927314814814815,"random_letter"
"201",201,0.909722222222222,"random_letter"
"202",202,0.917361111111111,"random_letter"
"203",203,0.911805555555556,"random_letter"
"204",204,0.924074074074074,"random_letter"
"205",205,0.908796296296296,"random_letter"
"206",206,0.903240740740741,"random_letter"
"207",207,0.905555555555556,"random_letter"
"208",208,0.896064814814815,"random_letter"
"209",209,0.915046296296296,"random_letter"
"210",210,0.913425925925926,"random_letter"
"211",211,0.916666666666667,"random_letter"
"212",212,0.913657407407407,"random_letter"
"213",213,0.943518518518519,"random_letter"
"214",214,0.888657407407407,"random_letter"
"215",215,0.917361111111111,"random_letter"
"216",216,0.901157407407407,"random_letter"
"217",217,0.92962962962963,"random_letter"
"218",218,0.886111111111111,"random_letter"
"219",219,0.892592592592593,"random_letter"
"220",220,0.9125,"random_letter"
"221",221,0.897222222222222,"random_letter"
"222",222,0.895601851851852,"random_letter"
"223",223,0.917592592592593,"random_letter"
"224",224,0.90787037037037,"random_letter"
"225",225,0.906944444444444,"random_letter"
"226",226,0.952546296296296,"random_letter"
"227",227,0.915277777777778,"random_letter"
"228",228,0.897222222222222,"random_letter"
"229",229,0.912962962962963,"random_letter"
"230",230,0.914814814814815,"random_letter"
"231",231,0.9,"random_letter"
"232",232,0.940046296296296,"random_letter"
"233",233,0.912268518518519,"random_letter"
"234",234,0.930092592592593,"random_letter"
"235",235,0.908564814814815,"random_letter"
"236",236,0.897453703703704,"random_letter"
"237",237,0.916666666666667,"random_letter"
"238",238,0.884259259259259,"random_letter"
"239",239,0.922222222222222,"random_letter"
"240",240,0.896064814814815,"random_letter"
"241",241,0.932638888888889,"random_letter"
"242",242,0.928009259259259,"random_letter"
"243",243,0.930092592592593,"random_letter"
"244",244,0.93587962962963,"random_letter"
"245",245,0.899305555555556,"random_letter"
"246",246,0.92962962962963,"random_letter"
"247",247,0.88125,"random_letter"
"248",248,0.903009259259259,"random_letter"
"249",249,0.90462962962963,"random_letter"
"250",250,0.901157407407407,"random_letter"
"251",251,0.940277777777778,"random_letter"
"252",252,0.934722222222222,"random_letter"
"253",253,0.891898148148148,"random_letter"
"254",254,0.916898148148148,"random_letter"
"255",255,0.942592592592593,"random_letter"
"256",256,0.920601851851852,"random_letter"
"257",257,0.903009259259259,"random_letter"
"258",258,0.887037037037037,"random_letter"
"259",259,0.920138888888889,"random_letter"
"260",260,0.916666666666667,"random_letter"
"261",261,0.891435185185185,"random_letter"
"262",262,0.911574074074074,"random_letter"
"263",263,0.916435185185185,"random_letter"
"264",264,0.941666666666667,"random_letter"
"265",265,0.925,"random_letter"
"266",266,0.918055555555556,"random_letter"
"267",267,0.897222222222222,"random_letter"
"268",268,0.912731481481482,"random_letter"
"269",269,0.908796296296296,"random_letter"
"270",270,0.916203703703704,"random_letter"
"271",271,0.921990740740741,"random_letter"
"272",272,0.878935185185185,"random_letter"
"273",273,0.907175925925926,"random_letter"
"274",274,0.905324074074074,"random_letter"
"275",275,0.908796296296296,"random_letter"
"276",276,0.910648148148148,"random_letter"
"277",277,0.913425925925926,"random_letter"
"278",278,0.896527777777778,"random_letter"
"279",279,0.924305555555556,"random_letter"
"280",280,0.905324074074074,"random_letter"
"281",281,0.918055555555556,"random_letter"
"282",282,0.936111111111111,"random_letter"
"283",283,0.938425925925926,"random_letter"
"284",284,0.903240740740741,"random_letter"
"285",285,0.918981481481482,"random_letter"
"286",286,0.893055555555556,"random_letter"
"287",287,0.911574074074074,"random_letter"
"288",288,0.921990740740741,"random_letter"
"289",289,0.926388888888889,"random_letter"
"290",290,0.898148148148148,"random_letter"
"291",291,0.913194444444444,"random_letter"
"292",292,0.923148148148148,"random_letter"
"293",293,0.894444444444444,"random_letter"
"294",294,0.911111111111111,"random_letter"
"295",295,0.903009259259259,"random_letter"
"296",296,0.930324074074074,"random_letter"
"297",297,0.911111111111111,"random_letter"
"298",298,0.911111111111111,"random_letter"
"299",299,0.913657407407407,"random_letter"
"300",300,0.916435185185185,"random_letter"
"301",301,0.903935185185185,"random_letter"
"302",302,0.900231481481481,"random_letter"
"303",303,0.89837962962963,"random_letter"
"304",304,0.920601851851852,"random_letter"
"305",305,0.921759259259259,"random_letter"
"306",306,0.891898148148148,"random_letter"
"307",307,0.911342592592593,"random_letter"
"308",308,0.894907407407407,"random_letter"
"309",309,0.920138888888889,"random_letter"
"310",310,0.903472222222222,"random_letter"
"311",311,0.929166666666667,"random_letter"
"312",312,0.925231481481481,"random_letter"
"313",313,0.920833333333333,"random_letter"
"314",314,0.915972222222222,"random_letter"
"315",315,0.899074074074074,"random_letter"
"316",316,0.890740740740741,"random_letter"
"317",317,0.923842592592593,"random_letter"
"318",318,0.887268518518519,"random_letter"
"319",319,0.923842592592593,"random_letter"
"320",320,0.92337962962963,"random_letter"
"321",321,0.915509259259259,"random_letter"
"322",322,0.918287037037037,"random_letter"
"323",323,0.920601851851852,"random_letter"
"324",324,0.920833333333333,"random_letter"
"325",325,0.917824074074074,"random_letter"
"326",326,0.920601851851852,"random_letter"
"327",327,0.902777777777778,"random_letter"
"328",328,0.908796296296296,"random_letter"
"329",329,0.908796296296296,"random_letter"
"330",330,0.929166666666667,"random_letter"
"331",331,0.919212962962963,"random_letter"
"332",332,0.921759259259259,"random_letter"
"333",333,0.908333333333333,"random_letter"
"334",334,0.900462962962963,"random_letter"
"335",335,0.919907407407407,"random_letter"
"336",336,0.910185185185185,"random_letter"
"337",337,0.912268518518519,"random_letter"
"338",338,0.903240740740741,"random_letter"
"339",339,0.934259259259259,"random_letter"
"340",340,0.934259259259259,"random_letter"
"341",341,0.885185185185185,"random_letter"
"342",342,0.893981481481481,"random_letter"
"343",343,0.932407407407407,"random_letter"
"344",344,0.909259259259259,"random_letter"
"345",345,0.884953703703704,"random_letter"
"346",346,0.902777777777778,"random_letter"
"347",347,0.915972222222222,"random_letter"
"348",348,0.93287037037037,"random_letter"
"349",349,0.92662037037037,"random_letter"
"350",350,0.914351851851852,"random_letter"
"351",351,0.911805555555556,"random_letter"
"352",352,0.935648148148148,"random_letter"
"353",353,0.918981481481482,"random_letter"
"354",354,0.89212962962963,"random_letter"
"355",355,0.898611111111111,"random_letter"
"356",356,0.924305555555556,"random_letter"
"357",357,0.87337962962963,"random_letter"
"358",358,0.923611111111111,"random_letter"
"359",359,0.918981481481482,"random_letter"
"360",360,0.889351851851852,"random_letter"
"361",361,0.921296296296296,"random_letter"
"362",362,0.898148148148148,"random_letter"
"363",363,0.908796296296296,"random_letter"
"364",364,0.881712962962963,"random_letter"
"365",365,0.901851851851852,"random_letter"
"366",366,0.886805555555556,"random_letter"
"367",367,0.890740740740741,"random_letter"
"368",368,0.937268518518519,"random_letter"
"369",369,0.931018518518518,"random_letter"
"370",370,0.925231481481481,"random_letter"
"371",371,0.902777777777778,"random_letter"
"372",372,0.894675925925926,"random_letter"
"373",373,0.874074074074074,"random_letter"
"374",374,0.904398148148148,"random_letter"
"375",375,0.909490740740741,"random_letter"
"376",376,0.86875,"random_letter"
"377",377,0.903009259259259,"random_letter"
"378",378,0.922916666666667,"random_letter"
"379",379,0.920601851851852,"random_letter"
"380",380,0.905787037037037,"random_letter"
"381",381,0.938888888888889,"random_letter"
"382",382,0.919675925925926,"random_letter"
"383",383,0.907407407407407,"random_letter"
"384",384,0.922222222222222,"random_letter"
"385",385,0.91712962962963,"random_letter"
"386",386,0.906481481481481,"random_letter"
"387",387,0.922222222222222,"random_letter"
"388",388,0.917592592592593,"random_letter"
"389",389,0.898611111111111,"random_letter"
"390",390,0.922685185185185,"random_letter"
"391",391,0.888194444444444,"random_letter"
"392",392,0.946990740740741,"random_letter"
"393",393,0.908796296296296,"random_letter"
"394",394,0.900462962962963,"random_letter"
"395",395,0.885416666666667,"random_letter"
"396",396,0.898611111111111,"random_letter"
"397",397,0.866435185185185,"random_letter"
"398",398,0.925231481481481,"random_letter"
"399",399,0.931944444444444,"random_letter"
"400",400,0.908564814814815,"random_letter"
"401",401,0.903240740740741,"random_letter"
"402",402,0.91712962962963,"random_letter"
"403",403,0.902777777777778,"random_letter"
"404",404,0.892361111111111,"random_letter"
"405",405,0.904166666666667,"random_letter"
"406",406,0.902083333333333,"random_letter"
"407",407,0.920138888888889,"random_letter"
"408",408,0.916666666666667,"random_letter"
"409",409,0.912962962962963,"random_letter"
"410",410,0.906944444444444,"random_letter"
"411",411,0.93287037037037,"random_letter"
"412",412,0.915277777777778,"random_letter"
"413",413,0.928472222222222,"random_letter"
"414",414,0.913888888888889,"random_letter"
"415",415,0.889583333333333,"random_letter"
"416",416,0.921064814814815,"random_letter"
"417",417,0.926388888888889,"random_letter"
"418",418,0.886574074074074,"random_letter"
"419",419,0.919907407407407,"random_letter"
"420",420,0.920601851851852,"random_letter"
"421",421,0.924074074074074,"random_letter"
"422",422,0.920833333333333,"random_letter"
"423",423,0.896296296296296,"random_letter"
"424",424,0.907638888888889,"random_letter"
"425",425,0.9,"random_letter"
"426",426,0.90462962962963,"random_letter"
"427",427,0.946527777777778,"random_letter"
"428",428,0.895833333333333,"random_letter"
"429",429,0.92037037037037,"random_letter"
"430",430,0.91712962962963,"random_letter"
"431",431,0.90787037037037,"random_letter"
"432",432,0.92337962962963,"random_letter"
"433",433,0.927314814814815,"random_letter"
"434",434,0.9,"random_letter"
"435",435,0.911574074074074,"random_letter"
"436",436,0.900231481481481,"random_letter"
"437",437,0.897453703703704,"random_letter"
"438",438,0.903703703703704,"random_letter"
"439",439,0.887962962962963,"random_letter"
"440",440,0.918055555555556,"random_letter"
"441",441,0.921296296296296,"random_letter"
"442",442,0.933101851851852,"random_letter"
"443",443,0.887268518518519,"random_letter"
"444",444,0.941898148148148,"random_letter"
"445",445,0.89537037037037,"random_letter"
"446",446,0.933101851851852,"random_letter"
"447",447,0.90787037037037,"random_letter"
"448",448,0.898611111111111,"random_letter"
"449",449,0.896759259259259,"random_letter"
"450",450,0.898842592592593,"random_letter"
"451",451,0.919444444444444,"random_letter"
"452",452,0.929861111111111,"random_letter"
"453",453,0.913657407407407,"random_letter"
"454",454,0.900462962962963,"random_letter"
"455",455,0.896064814814815,"random_letter"
"456",456,0.916666666666667,"random_letter"
"457",457,0.923148148148148,"random_letter"
"458",458,0.923148148148148,"random_letter"
"459",459,0.908333333333333,"random_letter"
"460",460,0.916435185185185,"random_letter"
"461",461,0.891666666666667,"random_letter"
"462",462,0.903472222222222,"random_letter"
"463",463,0.909490740740741,"random_letter"
"464",464,0.947453703703704,"random_letter"
"465",465,0.938194444444444,"random_letter"
"466",466,0.91875,"random_letter"
"467",467,0.896527777777778,"random_letter"
"468",468,0.936574074074074,"random_letter"
"469",469,0.896759259259259,"random_letter"
"470",470,0.933101851851852,"random_letter"
"471",471,0.911342592592593,"random_letter"
"472",472,0.893981481481481,"random_letter"
"473",473,0.909953703703704,"random_letter"
"474",474,0.899305555555556,"random_letter"
"475",475,0.858101851851852,"random_letter"
"476",476,0.905092592592593,"random_letter"
"477",477,0.942361111111111,"random_letter"
"478",478,0.907638888888889,"random_letter"
"479",479,0.905092592592593,"random_letter"
"480",480,0.886111111111111,"random_letter"
"481",481,0.930092592592593,"random_letter"
"482",482,0.918287037037037,"random_letter"
"483",483,0.903935185185185,"random_letter"
"484",484,0.928703703703704,"random_letter"
"485",485,0.900925925925926,"random_letter"
"486",486,0.90462962962963,"random_letter"
"487",487,0.927314814814815,"random_letter"
"488",488,0.899305555555556,"random_letter"
"489",489,0.912962962962963,"random_letter"
"490",490,0.90462962962963,"random_letter"
"491",491,0.922453703703704,"random_letter"
"492",492,0.902314814814815,"random_letter"
"493",493,0.928240740740741,"random_letter"
"494",494,0.89375,"random_letter"
"495",495,0.905324074074074,"random_letter"
"496",496,0.917824074074074,"random_letter"
"497",497,0.942592592592593,"random_letter"
"498",498,0.922685185185185,"random_letter"
"499",499,0.925231481481481,"random_letter"
"500",500,0.906018518518519,"random_letter"
"501",501,0.910416666666667,"random_letter"
"502",502,0.891435185185185,"random_letter"
"503",503,0.939814814814815,"random_letter"
"504",504,0.883564814814815,"random_letter"
"505",505,0.910185185185185,"random_letter"
"506",506,0.928472222222222,"random_letter"
"507",507,0.890277777777778,"random_letter"
"508",508,0.913194444444444,"random_letter"
"509",509,0.901157407407407,"random_letter"
"510",510,0.903935185185185,"random_letter"
"511",511,0.931481481481481,"random_letter"
"512",512,0.909722222222222,"random_letter"
"513",513,0.91712962962963,"random_letter"
"514",514,0.887037037037037,"random_letter"
"515",515,0.946296296296296,"random_letter"
"516",516,0.929861111111111,"random_letter"
"517",517,0.897685185185185,"random_letter"
"518",518,0.909027777777778,"random_letter"
"519",519,0.884953703703704,"random_letter"
"520",520,0.913888888888889,"random_letter"
"521",521,0.912268518518519,"random_letter"
"522",522,0.926388888888889,"random_letter"
"523",523,0.896296296296296,"random_letter"
"524",524,0.902314814814815,"random_letter"
"525",525,0.903935185185185,"random_letter"
"526",526,0.892592592592593,"random_letter"
"527",527,0.890972222222222,"random_letter"
"528",528,0.921527777777778,"random_letter"
"529",529,0.900231481481481,"random_letter"
"530",530,0.893055555555556,"random_letter"
"531",531,0.925462962962963,"random_letter"
"532",532,0.927777777777778,"random_letter"
"533",533,0.896064814814815,"random_letter"
"534",534,0.905787037037037,"random_letter"
"535",535,0.9,"random_letter"
"536",536,0.88125,"random_letter"
"537",537,0.929166666666667,"random_letter"
"538",538,0.895833333333333,"random_letter"
"539",539,0.900925925925926,"random_letter"
"540",540,0.919675925925926,"random_letter"
"541",541,0.901157407407407,"random_letter"
"542",542,0.926157407407407,"random_letter"
"543",543,0.937962962962963,"random_letter"
"544",544,0.915277777777778,"random_letter"
"545",545,0.903472222222222,"random_letter"
"546",546,0.902083333333333,"random_letter"
"547",547,0.911805555555556,"random_letter"
"548",548,0.914583333333333,"random_letter"
"549",549,0.921064814814815,"random_letter"
"550",550,0.943518518518519,"random_letter"
"551",551,0.925694444444444,"random_letter"
"552",552,0.937731481481481,"random_letter"
"553",553,0.909027777777778,"random_letter"
"554",554,0.903935185185185,"random_letter"
"555",555,0.896296296296296,"random_letter"
"556",556,0.899537037037037,"random_letter"
"557",557,0.890972222222222,"random_letter"
"558",558,0.928009259259259,"random_letter"
"559",559,0.886111111111111,"random_letter"
"560",560,0.897685185185185,"random_letter"
"561",561,0.911111111111111,"random_letter"
"562",562,0.896990740740741,"random_letter"
"563",563,0.90462962962963,"random_letter"
"564",564,0.901851851851852,"random_letter"
"565",565,0.93287037037037,"random_letter"
"566",566,0.917824074074074,"random_letter"
"567",567,0.913657407407407,"random_letter"
"568",568,0.89212962962963,"random_letter"
"569",569,0.91087962962963,"random_letter"
"570",570,0.913657407407407,"random_letter"
"571",571,0.891666666666667,"random_letter"
"572",572,0.895833333333333,"random_letter"
"573",573,0.902083333333333,"random_letter"
"574",574,0.912962962962963,"random_letter"
"575",575,0.920601851851852,"random_letter"
"576",576,0.902314814814815,"random_letter"
"577",577,0.904166666666667,"random_letter"
"578",578,0.919444444444444,"random_letter"
"579",579,0.916898148148148,"random_letter"
"580",580,0.9125,"random_letter"
"581",581,0.917361111111111,"random_letter"
"582",582,0.907175925925926,"random_letter"
"583",583,0.919907407407407,"random_letter"
"584",584,0.9375,"random_letter"
"585",585,0.927777777777778,"random_letter"
"586",586,0.916203703703704,"random_letter"
"587",587,0.919675925925926,"random_letter"
"588",588,0.903472222222222,"random_letter"
"589",589,0.91712962962963,"random_letter"
"590",590,0.916898148148148,"random_letter"
"591",591,0.915046296296296,"random_letter"
"592",592,0.921990740740741,"random_letter"
"593",593,0.919212962962963,"random_letter"
"594",594,0.897685185185185,"random_letter"
"595",595,0.9375,"random_letter"
"596",596,0.895138888888889,"random_letter"
"597",597,0.923842592592593,"random_letter"
"598",598,0.916898148148148,"random_letter"
"599",599,0.907638888888889,"random_letter"
"600",600,0.904166666666667,"random_letter"
"601",601,0.87037037037037,"random_letter"
"602",602,0.899074074074074,"random_letter"
"603",603,0.911805555555556,"random_letter"
"604",604,0.9125,"random_letter"
"605",605,0.899074074074074,"random_letter"
"606",606,0.92337962962963,"random_letter"
"607",607,0.915972222222222,"random_letter"
"608",608,0.934953703703704,"random_letter"
"609",609,0.908333333333333,"random_letter"
"610",610,0.917824074074074,"random_letter"
"611",611,0.919907407407407,"random_letter"
"612",612,0.910648148148148,"random_letter"
"613",613,0.900462962962963,"random_letter"
"614",614,0.885185185185185,"random_letter"
"615",615,0.902083333333333,"random_letter"
"616",616,0.925231481481481,"random_letter"
"617",617,0.916898148148148,"random_letter"
"618",618,0.896296296296296,"random_letter"
"619",619,0.890046296296296,"random_letter"
"620",620,0.921990740740741,"random_letter"
"621",621,0.89212962962963,"random_letter"
"622",622,0.941898148148148,"random_letter"
"623",623,0.914351851851852,"random_letter"
"624",624,0.91087962962963,"random_letter"
"625",625,0.90787037037037,"random_letter"
"626",626,0.91875,"random_letter"
"627",627,0.901851851851852,"random_letter"
"628",628,0.908796296296296,"random_letter"
"629",629,0.900462962962963,"random_letter"
"630",630,0.925925925925926,"random_letter"
"631",631,0.920601851851852,"random_letter"
"632",632,0.911342592592593,"random_letter"
"633",633,0.905787037037037,"random_letter"
"634",634,0.899537037037037,"random_letter"
"635",635,0.883796296296296,"random_letter"
"636",636,0.908796296296296,"random_letter"
"637",637,0.915277777777778,"random_letter"
"638",638,0.899768518518518,"random_letter"
"639",639,0.865046296296296,"random_letter"
"640",640,0.90787037037037,"random_letter"
"641",641,0.920601851851852,"random_letter"
"642",642,0.884490740740741,"random_letter"
"643",643,0.921990740740741,"random_letter"
"644",644,0.917361111111111,"random_letter"
"645",645,0.901388888888889,"random_letter"
"646",646,0.880092592592593,"random_letter"
"647",647,0.930092592592593,"random_letter"
"648",648,0.94212962962963,"random_letter"
"649",649,0.91087962962963,"random_letter"
"650",650,0.913657407407407,"random_letter"
"651",651,0.906018518518519,"random_letter"
"652",652,0.90462962962963,"random_letter"
"653",653,0.915046296296296,"random_letter"
"654",654,0.914583333333333,"random_letter"
"655",655,0.915277777777778,"random_letter"
"656",656,0.931712962962963,"random_letter"
"657",657,0.929166666666667,"random_letter"
"658",658,0.918055555555556,"random_letter"
"659",659,0.906944444444444,"random_letter"
"660",660,0.919444444444444,"random_letter"
"661",661,0.937731481481481,"random_letter"
"662",662,0.934953703703704,"random_letter"
"663",663,0.921759259259259,"random_letter"
"664",664,0.931018518518518,"random_letter"
"665",665,0.934722222222222,"random_letter"
"666",666,0.901851851851852,"random_letter"
"667",667,0.881481481481482,"random_letter"
"668",668,0.939583333333333,"random_letter"
"669",669,0.894444444444444,"random_letter"
"670",670,0.919907407407407,"random_letter"
"671",671,0.910648148148148,"random_letter"
"672",672,0.933333333333333,"random_letter"
"673",673,0.921527777777778,"random_letter"
"674",674,0.902777777777778,"random_letter"
"675",675,0.911805555555556,"random_letter"
"676",676,0.923611111111111,"random_letter"
"677",677,0.916898148148148,"random_letter"
"678",678,0.931944444444444,"random_letter"
"679",679,0.899768518518518,"random_letter"
"680",680,0.916203703703704,"random_letter"
"681",681,0.902546296296296,"random_letter"
"682",682,0.913425925925926,"random_letter"
"683",683,0.930555555555556,"random_letter"
"684",684,0.915046296296296,"random_letter"
"685",685,0.940972222222222,"random_letter"
"686",686,0.895601851851852,"random_letter"
"687",687,0.897916666666667,"random_letter"
"688",688,0.931018518518519,"random_letter"
"689",689,0.907175925925926,"random_letter"
"690",690,0.913425925925926,"random_letter"
"691",691,0.90787037037037,"random_letter"
"692",692,0.903240740740741,"random_letter"
"693",693,0.89537037037037,"random_letter"
"694",694,0.900694444444444,"random_letter"
"695",695,0.886342592592593,"random_letter"
"696",696,0.907638888888889,"random_letter"
"697",697,0.943287037037037,"random_letter"
"698",698,0.889814814814815,"random_letter"
"699",699,0.877777777777778,"random_letter"
"700",700,0.921064814814815,"random_letter"
"701",701,0.91875,"random_letter"
"702",702,0.913425925925926,"random_letter"
"703",703,0.903935185185185,"random_letter"
"704",704,0.91087962962963,"random_letter"
"705",705,0.914583333333333,"random_letter"
"706",706,0.931018518518518,"random_letter"
"707",707,0.92337962962963,"random_letter"
"708",708,0.942824074074074,"random_letter"
"709",709,0.919675925925926,"random_letter"
"710",710,0.909259259259259,"random_letter"
"711",711,0.915972222222222,"random_letter"
"712",712,0.934027777777778,"random_letter"
"713",713,0.911342592592593,"random_letter"
"714",714,0.913888888888889,"random_letter"
"715",715,0.899537037037037,"random_letter"
"716",716,0.927777777777778,"random_letter"
"717",717,0.912037037037037,"random_letter"
"718",718,0.915740740740741,"random_letter"
"719",719,0.875462962962963,"random_letter"
"720",720,0.93287037037037,"random_letter"
"721",721,0.923148148148148,"random_letter"
"722",722,0.885185185185185,"random_letter"
"723",723,0.91875,"random_letter"
"724",724,0.895601851851852,"random_letter"
"725",725,0.926157407407407,"random_letter"
"726",726,0.918055555555556,"random_letter"
"727",727,0.930092592592593,"random_letter"
"728",728,0.931944444444444,"random_letter"
"729",729,0.916203703703704,"random_letter"
"730",730,0.903935185185185,"random_letter"
"731",731,0.895833333333333,"random_letter"
"732",732,0.924768518518518,"random_letter"
"733",733,0.902546296296296,"random_letter"
"734",734,0.910648148148148,"random_letter"
"735",735,0.918518518518519,"random_letter"
"736",736,0.916203703703704,"random_letter"
"737",737,0.871527777777778,"random_letter"
"738",738,0.909259259259259,"random_letter"
"739",739,0.931944444444444,"random_letter"
"740",740,0.927083333333333,"random_letter"
"741",741,0.907175925925926,"random_letter"
"742",742,0.905555555555556,"random_letter"
"743",743,0.908101851851852,"random_letter"
"744",744,0.917824074074074,"random_letter"
"745",745,0.914814814814815,"random_letter"
"746",746,0.894212962962963,"random_letter"
"747",747,0.92962962962963,"random_letter"
"748",748,0.894212962962963,"random_letter"
"749",749,0.89212962962963,"random_letter"
"750",750,0.911574074074074,"random_letter"
"751",751,0.928703703703704,"random_letter"
"752",752,0.911111111111111,"random_letter"
"753",753,0.934490740740741,"random_letter"
"754",754,0.931018518518518,"random_letter"
"755",755,0.90162037037037,"random_letter"
"756",756,0.924768518518518,"random_letter"
"757",757,0.90787037037037,"random_letter"
"758",758,0.902083333333333,"random_letter"
"759",759,0.928009259259259,"random_letter"
"760",760,0.875462962962963,"random_letter"
"761",761,0.908333333333333,"random_letter"
"762",762,0.890046296296296,"random_letter"
"763",763,0.913888888888889,"random_letter"
"764",764,0.947453703703704,"random_letter"
"765",765,0.910648148148148,"random_letter"
"766",766,0.897916666666667,"random_letter"
"767",767,0.899305555555556,"random_letter"
"768",768,0.913194444444444,"random_letter"
"769",769,0.89375,"random_letter"
"770",770,0.907638888888889,"random_letter"
"771",771,0.936574074074074,"random_letter"
"772",772,0.923842592592593,"random_letter"
"773",773,0.897916666666667,"random_letter"
"774",774,0.92337962962963,"random_letter"
"775",775,0.91412037037037,"random_letter"
"776",776,0.906944444444444,"random_letter"
"777",777,0.896296296296296,"random_letter"
"778",778,0.909722222222222,"random_letter"
"779",779,0.915046296296296,"random_letter"
"780",780,0.906944444444444,"random_letter"
"781",781,0.916898148148148,"random_letter"
"782",782,0.90462962962963,"random_letter"
"783",783,0.910416666666667,"random_letter"
"784",784,0.925694444444444,"random_letter"
"785",785,0.919675925925926,"random_letter"
"786",786,0.8875,"random_letter"
"787",787,0.919907407407407,"random_letter"
"788",788,0.886111111111111,"random_letter"
"789",789,0.9,"random_letter"
"790",790,0.908333333333333,"random_letter"
"791",791,0.931712962962963,"random_letter"
"792",792,0.922453703703704,"random_letter"
"793",793,0.934953703703704,"random_letter"
"794",794,0.921527777777778,"random_letter"
"795",795,0.899537037037037,"random_letter"
"796",796,0.904166666666667,"random_letter"
"797",797,0.925231481481481,"random_letter"
"798",798,0.909259259259259,"random_letter"
"799",799,0.918518518518519,"random_letter"
"800",800,0.921527777777778,"random_letter"
"801",801,0.914583333333333,"random_letter"
"802",802,0.916666666666667,"random_letter"
"803",803,0.917361111111111,"random_letter"
"804",804,0.902314814814815,"random_letter"
"805",805,0.928009259259259,"random_letter"
"806",806,0.913888888888889,"random_letter"
"807",807,0.899305555555556,"random_letter"
"808",808,0.909027777777778,"random_letter"
"809",809,0.913657407407407,"random_letter"
"810",810,0.932638888888889,"random_letter"
"811",811,0.899305555555556,"random_letter"
"812",812,0.931944444444444,"random_letter"
"813",813,0.93125,"random_letter"
"814",814,0.911805555555556,"random_letter"
"815",815,0.936574074074074,"random_letter"
"816",816,0.869675925925926,"random_letter"
"817",817,0.934953703703704,"random_letter"
"818",818,0.912268518518519,"random_letter"
"819",819,0.882175925925926,"random_letter"
"820",820,0.913657407407407,"random_letter"
"821",821,0.907175925925926,"random_letter"
"822",822,0.923842592592593,"random_letter"
"823",823,0.886342592592593,"random_letter"
"824",824,0.907175925925926,"random_letter"
"825",825,0.902314814814815,"random_letter"
"826",826,0.915277777777778,"random_letter"
"827",827,0.91087962962963,"random_letter"
"828",828,0.903240740740741,"random_letter"
"829",829,0.890740740740741,"random_letter"
"830",830,0.89212962962963,"random_letter"
"831",831,0.88287037037037,"random_letter"
"832",832,0.905092592592593,"random_letter"
"833",833,0.932638888888889,"random_letter"
"834",834,0.897685185185185,"random_letter"
"835",835,0.928703703703704,"random_letter"
"836",836,0.918287037037037,"random_letter"
"837",837,0.864351851851852,"random_letter"
"838",838,0.932175925925926,"random_letter"
"839",839,0.917361111111111,"random_letter"
"840",840,0.934953703703704,"random_letter"
"841",841,0.913425925925926,"random_letter"
"842",842,0.927777777777778,"random_letter"
"843",843,0.912962962962963,"random_letter"
"844",844,0.894907407407407,"random_letter"
"845",845,0.908564814814815,"random_letter"
"846",846,0.920138888888889,"random_letter"
"847",847,0.941435185185185,"random_letter"
"848",848,0.911342592592593,"random_letter"
"849",849,0.890509259259259,"random_letter"
"850",850,0.916203703703704,"random_letter"
"851",851,0.914351851851852,"random_letter"
"852",852,0.915277777777778,"random_letter"
"853",853,0.909722222222222,"random_letter"
"854",854,0.9,"random_letter"
"855",855,0.954166666666667,"random_letter"
"856",856,0.908564814814815,"random_letter"
"857",857,0.911111111111111,"random_letter"
"858",858,0.89837962962963,"random_letter"
"859",859,0.894444444444444,"random_letter"
"860",860,0.925231481481481,"random_letter"
"861",861,0.89837962962963,"random_letter"
"862",862,0.925462962962963,"random_letter"
"863",863,0.932407407407407,"random_letter"
"864",864,0.919675925925926,"random_letter"
"865",865,0.903240740740741,"random_letter"
"866",866,0.930092592592593,"random_letter"
"867",867,0.901157407407407,"random_letter"
"868",868,0.920833333333333,"random_letter"
"869",869,0.886574074074074,"random_letter"
"870",870,0.923842592592593,"random_letter"
"871",871,0.925694444444444,"random_letter"
"872",872,0.920833333333333,"random_letter"
"873",873,0.920833333333333,"random_letter"
"874",874,0.946759259259259,"random_letter"
"875",875,0.890277777777778,"random_letter"
"876",876,0.915277777777778,"random_letter"
"877",877,0.925231481481481,"random_letter"
"878",878,0.895138888888889,"random_letter"
"879",879,0.925231481481481,"random_letter"
"880",880,0.907175925925926,"random_letter"
"881",881,0.937037037037037,"random_letter"
"882",882,0.918055555555556,"random_letter"
"883",883,0.929166666666667,"random_letter"
"884",884,0.910185185185185,"random_letter"
"885",885,0.90462962962963,"random_letter"
"886",886,0.896527777777778,"random_letter"
"887",887,0.926157407407407,"random_letter"
"888",888,0.932638888888889,"random_letter"
"889",889,0.912037037037037,"random_letter"
"890",890,0.921064814814815,"random_letter"
"891",891,0.916666666666667,"random_letter"
"892",892,0.93287037037037,"random_letter"
"893",893,0.928009259259259,"random_letter"
"894",894,0.893055555555556,"random_letter"
"895",895,0.879861111111111,"random_letter"
"896",896,0.939351851851852,"random_letter"
"897",897,0.923842592592593,"random_letter"
"898",898,0.897916666666667,"random_letter"
"899",899,0.928935185185185,"random_letter"
"900",900,0.901388888888889,"random_letter"
"901",901,0.897685185185185,"random_letter"
"902",902,0.936342592592593,"random_letter"
"903",903,0.931712962962963,"random_letter"
"904",904,0.90787037037037,"random_letter"
"905",905,0.904166666666667,"random_letter"
"906",906,0.909953703703704,"random_letter"
"907",907,0.929398148148148,"random_letter"
"908",908,0.933101851851852,"random_letter"
"909",909,0.902546296296296,"random_letter"
"910",910,0.908333333333333,"random_letter"
"911",911,0.922222222222222,"random_letter"
"912",912,0.871527777777778,"random_letter"
"913",913,0.913425925925926,"random_letter"
"914",914,0.904398148148148,"random_letter"
"915",915,0.91875,"random_letter"
"916",916,0.929398148148148,"random_letter"
"917",917,0.918518518518519,"random_letter"
"918",918,0.931018518518518,"random_letter"
"919",919,0.912037037037037,"random_letter"
"920",920,0.931944444444444,"random_letter"
"921",921,0.893055555555556,"random_letter"
"922",922,0.911342592592593,"random_letter"
"923",923,0.936342592592593,"random_letter"
"924",924,0.901388888888889,"random_letter"
"925",925,0.89537037037037,"random_letter"
"926",926,0.912268518518519,"random_letter"
"927",927,0.937731481481481,"random_letter"
"928",928,0.939351851851852,"random_letter"
"929",929,0.878703703703704,"random_letter"
"930",930,0.889583333333333,"random_letter"
"931",931,0.938657407407407,"random_letter"
"932",932,0.913657407407407,"random_letter"
"933",933,0.896064814814815,"random_letter"
"934",934,0.94837962962963,"random_letter"
"935",935,0.875925925925926,"random_letter"
"936",936,0.922453703703704,"random_letter"
"937",937,0.916203703703704,"random_letter"
"938",938,0.904861111111111,"random_letter"
"939",939,0.915740740740741,"random_letter"
"940",940,0.910416666666667,"random_letter"
"941",941,0.908564814814815,"random_letter"
"942",942,0.909722222222222,"random_letter"
"943",943,0.902083333333333,"random_letter"
"944",944,0.938888888888889,"random_letter"
"945",945,0.896296296296296,"random_letter"
"946",946,0.897222222222222,"random_letter"
"947",947,0.913425925925926,"random_letter"
"948",948,0.907638888888889,"random_letter"
"949",949,0.924305555555556,"random_letter"
"950",950,0.938194444444444,"random_letter"
"951",951,0.915277777777778,"random_letter"
"952",952,0.924537037037037,"random_letter"
"953",953,0.933333333333333,"random_letter"
"954",954,0.922916666666667,"random_letter"
"955",955,0.927083333333333,"random_letter"
"956",956,0.947453703703704,"random_letter"
"957",957,0.9125,"random_letter"
"958",958,0.919444444444444,"random_letter"
"959",959,0.90625,"random_letter"
"960",960,0.906481481481481,"random_letter"
"961",961,0.91875,"random_letter"
"962",962,0.884027777777778,"random_letter"
"963",963,0.901157407407407,"random_letter"
"964",964,0.924074074074074,"random_letter"
"965",965,0.915740740740741,"random_letter"
"966",966,0.919675925925926,"random_letter"
"967",967,0.921296296296296,"random_letter"
"968",968,0.924537037037037,"random_letter"
"969",969,0.899074074074074,"random_letter"
"970",970,0.906481481481481,"random_letter"
"971",971,0.910648148148148,"random_letter"
"972",972,0.915509259259259,"random_letter"
"973",973,0.924305555555556,"random_letter"
"974",974,0.893981481481481,"random_letter"
"975",975,0.915740740740741,"random_letter"
"976",976,0.883564814814815,"random_letter"
"977",977,0.916435185185185,"random_letter"
"978",978,0.909722222222222,"random_letter"
"979",979,0.913657407407407,"random_letter"
"980",980,0.915046296296296,"random_letter"
"981",981,0.90462962962963,"random_letter"
"982",982,0.929166666666667,"random_letter"
"983",983,0.90462962962963,"random_letter"
"984",984,0.918981481481482,"random_letter"
"985",985,0.927546296296296,"random_letter"
"986",986,0.901157407407407,"random_letter"
"987",987,0.917824074074074,"random_letter"
"988",988,0.891898148148148,"random_letter"
"989",989,0.884722222222222,"random_letter"
"990",990,0.918518518518519,"random_letter"
"991",991,0.915046296296296,"random_letter"
"992",992,0.904861111111111,"random_letter"
"993",993,0.927314814814815,"random_letter"
"994",994,0.900694444444444,"random_letter"
"995",995,0.906944444444444,"random_letter"
"996",996,0.93125,"random_letter"
"997",997,0.884027777777778,"random_letter"
"998",998,0.89837962962963,"random_letter"
"999",999,0.908101851851852,"random_letter"
"1000",1000,0.888657407407407,"random_letter"
"1001",1,0.793253968253968,"random_word"
"1002",2,0.807936507936508,"random_word"
"1003",3,0.729365079365079,"random_word"
"1004",4,0.800396825396825,"random_word"
"1005",5,0.730555555555556,"random_word"
"1006",6,0.799603174603175,"random_word"
"1007",7,0.857539682539682,"random_word"
"1008",8,0.847619047619048,"random_word"
"1009",9,0.804365079365079,"random_word"
"1010",10,0.836111111111111,"random_word"
"1011",11,0.698809523809524,"random_word"
"1012",12,0.727380952380952,"random_word"
"1013",13,0.805555555555556,"random_word"
"1014",14,0.837301587301587,"random_word"
"1015",15,0.78015873015873,"random_word"
"1016",16,0.780555555555556,"random_word"
"1017",17,0.853968253968254,"random_word"
"1018",18,0.772222222222222,"random_word"
"1019",19,0.778174603174603,"random_word"
"1020",20,0.861111111111111,"random_word"
"1021",21,0.79484126984127,"random_word"
"1022",22,0.827777777777778,"random_word"
"1023",23,0.78968253968254,"random_word"
"1024",24,0.682539682539683,"random_word"
"1025",25,0.853174603174603,"random_word"
"1026",26,0.802777777777778,"random_word"
"1027",27,0.826190476190476,"random_word"
"1028",28,0.771031746031746,"random_word"
"1029",29,0.747222222222222,"random_word"
"1030",30,0.876587301587302,"random_word"
"1031",31,0.765079365079365,"random_word"
"1032",32,0.837301587301587,"random_word"
"1033",33,0.794047619047619,"random_word"
"1034",34,0.798809523809524,"random_word"
"1035",35,0.709920634920635,"random_word"
"1036",36,0.823015873015873,"random_word"
"1037",37,0.807142857142857,"random_word"
"1038",38,0.819444444444444,"random_word"
"1039",39,0.783730158730159,"random_word"
"1040",40,0.826190476190476,"random_word"
"1041",41,0.828174603174603,"random_word"
"1042",42,0.829761904761905,"random_word"
"1043",43,0.736904761904762,"random_word"
"1044",44,0.770238095238095,"random_word"
"1045",45,0.84484126984127,"random_word"
"1046",46,0.701190476190476,"random_word"
"1047",47,0.827380952380952,"random_word"
"1048",48,0.800793650793651,"random_word"
"1049",49,0.812301587301587,"random_word"
"1050",50,0.785714285714286,"random_word"
"1051",51,0.789285714285714,"random_word"
"1052",52,0.801587301587302,"random_word"
"1053",53,0.743650793650794,"random_word"
"1054",54,0.788095238095238,"random_word"
"1055",55,0.759523809523809,"random_word"
"1056",56,0.770634920634921,"random_word"
"1057",57,0.782539682539683,"random_word"
"1058",58,0.779761904761905,"random_word"
"1059",59,0.737698412698413,"random_word"
"1060",60,0.775396825396825,"random_word"
"1061",61,0.796428571428571,"random_word"
"1062",62,0.833730158730159,"random_word"
"1063",63,0.835714285714286,"random_word"
"1064",64,0.78531746031746,"random_word"
"1065",65,0.859126984126984,"random_word"
"1066",66,0.829365079365079,"random_word"
"1067",67,0.742460317460317,"random_word"
"1068",68,0.783333333333333,"random_word"
"1069",69,0.790873015873016,"random_word"
"1070",70,0.843650793650794,"random_word"
"1071",71,0.806349206349206,"random_word"
"1072",72,0.794047619047619,"random_word"
"1073",73,0.806746031746032,"random_word"
"1074",74,0.794444444444444,"random_word"
"1075",75,0.776190476190476,"random_word"
"1076",76,0.726587301587302,"random_word"
"1077",77,0.851190476190476,"random_word"
"1078",78,0.75,"random_word"
"1079",79,0.778571428571429,"random_word"
"1080",80,0.795634920634921,"random_word"
"1081",81,0.771428571428571,"random_word"
"1082",82,0.815873015873016,"random_word"
"1083",83,0.820238095238095,"random_word"
"1084",84,0.846825396825397,"random_word"
"1085",85,0.78968253968254,"random_word"
"1086",86,0.801984126984127,"random_word"
"1087",87,0.745634920634921,"random_word"
"1088",88,0.786904761904762,"random_word"
"1089",89,0.759920634920635,"random_word"
"1090",90,0.782539682539683,"random_word"
"1091",91,0.899206349206349,"random_word"
"1092",92,0.784126984126984,"random_word"
"1093",93,0.78452380952381,"random_word"
"1094",94,0.726984126984127,"random_word"
"1095",95,0.763095238095238,"random_word"
"1096",96,0.828968253968254,"random_word"
"1097",97,0.798412698412698,"random_word"
"1098",98,0.824603174603175,"random_word"
"1099",99,0.818253968253968,"random_word"
"1100",100,0.722619047619048,"random_word"
"1101",101,0.840079365079365,"random_word"
"1102",102,0.770634920634921,"random_word"
"1103",103,0.848412698412698,"random_word"
"1104",104,0.774603174603175,"random_word"
"1105",105,0.742460317460317,"random_word"
"1106",106,0.814285714285714,"random_word"
"1107",107,0.748412698412698,"random_word"
"1108",108,0.797619047619048,"random_word"
"1109",109,0.846428571428571,"random_word"
"1110",110,0.817460317460317,"random_word"
"1111",111,0.795238095238095,"random_word"
"1112",112,0.831349206349206,"random_word"
"1113",113,0.869444444444444,"random_word"
"1114",114,0.769047619047619,"random_word"
"1115",115,0.772222222222222,"random_word"
"1116",116,0.776984126984127,"random_word"
"1117",117,0.76984126984127,"random_word"
"1118",118,0.825,"random_word"
"1119",119,0.798412698412698,"random_word"
"1120",120,0.737698412698413,"random_word"
"1121",121,0.723015873015873,"random_word"
"1122",122,0.773015873015873,"random_word"
"1123",123,0.782936507936508,"random_word"
"1124",124,0.694047619047619,"random_word"
"1125",125,0.830952380952381,"random_word"
"1126",126,0.787698412698413,"random_word"
"1127",127,0.792063492063492,"random_word"
"1128",128,0.746825396825397,"random_word"
"1129",129,0.76984126984127,"random_word"
"1130",130,0.719047619047619,"random_word"
"1131",131,0.839285714285714,"random_word"
"1132",132,0.879365079365079,"random_word"
"1133",133,0.844444444444444,"random_word"
"1134",134,0.845634920634921,"random_word"
"1135",135,0.855555555555556,"random_word"
"1136",136,0.705555555555556,"random_word"
"1137",137,0.81031746031746,"random_word"
"1138",138,0.746428571428571,"random_word"
"1139",139,0.81468253968254,"random_word"
"1140",140,0.745634920634921,"random_word"
"1141",141,0.792857142857143,"random_word"
"1142",142,0.78531746031746,"random_word"
"1143",143,0.812698412698413,"random_word"
"1144",144,0.75,"random_word"
"1145",145,0.817857142857143,"random_word"
"1146",146,0.724206349206349,"random_word"
"1147",147,0.798412698412698,"random_word"
"1148",148,0.846031746031746,"random_word"
"1149",149,0.778571428571429,"random_word"
"1150",150,0.713492063492064,"random_word"
"1151",151,0.826984126984127,"random_word"
"1152",152,0.765476190476191,"random_word"
"1153",153,0.759126984126984,"random_word"
"1154",154,0.794047619047619,"random_word"
"1155",155,0.811904761904762,"random_word"
"1156",156,0.812698412698413,"random_word"
"1157",157,0.717063492063492,"random_word"
"1158",158,0.813492063492063,"random_word"
"1159",159,0.768253968253968,"random_word"
"1160",160,0.728571428571429,"random_word"
"1161",161,0.793253968253968,"random_word"
"1162",162,0.81547619047619,"random_word"
"1163",163,0.778968253968254,"random_word"
"1164",164,0.766666666666667,"random_word"
"1165",165,0.805952380952381,"random_word"
"1166",166,0.79047619047619,"random_word"
"1167",167,0.928174603174603,"random_word"
"1168",168,0.811507936507937,"random_word"
"1169",169,0.81547619047619,"random_word"
"1170",170,0.83015873015873,"random_word"
"1171",171,0.720634920634921,"random_word"
"1172",172,0.759920634920635,"random_word"
"1173",173,0.872222222222222,"random_word"
"1174",174,0.845238095238095,"random_word"
"1175",175,0.803174603174603,"random_word"
"1176",176,0.718650793650794,"random_word"
"1177",177,0.758333333333333,"random_word"
"1178",178,0.771825396825397,"random_word"
"1179",179,0.774206349206349,"random_word"
"1180",180,0.78015873015873,"random_word"
"1181",181,0.826984126984127,"random_word"
"1182",182,0.746825396825397,"random_word"
"1183",183,0.782936507936508,"random_word"
"1184",184,0.801984126984127,"random_word"
"1185",185,0.736904761904762,"random_word"
"1186",186,0.707539682539683,"random_word"
"1187",187,0.88531746031746,"random_word"
"1188",188,0.851190476190476,"random_word"
"1189",189,0.83452380952381,"random_word"
"1190",190,0.767460317460318,"random_word"
"1191",191,0.830952380952381,"random_word"
"1192",192,0.695634920634921,"random_word"
"1193",193,0.80952380952381,"random_word"
"1194",194,0.780952380952381,"random_word"
"1195",195,0.798412698412698,"random_word"
"1196",196,0.822619047619048,"random_word"
"1197",197,0.801587301587302,"random_word"
"1198",198,0.690873015873016,"random_word"
"1199",199,0.767063492063492,"random_word"
"1200",200,0.682539682539683,"random_word"
"1201",201,0.828968253968254,"random_word"
"1202",202,0.782142857142857,"random_word"
"1203",203,0.797222222222222,"random_word"
"1204",204,0.829365079365079,"random_word"
"1205",205,0.767460317460318,"random_word"
"1206",206,0.796428571428571,"random_word"
"1207",207,0.699603174603175,"random_word"
"1208",208,0.807539682539683,"random_word"
"1209",209,0.839285714285714,"random_word"
"1210",210,0.725793650793651,"random_word"
"1211",211,0.842857142857143,"random_word"
"1212",212,0.679761904761905,"random_word"
"1213",213,0.698015873015873,"random_word"
"1214",214,0.797619047619048,"random_word"
"1215",215,0.796825396825397,"random_word"
"1216",216,0.759523809523809,"random_word"
"1217",217,0.828571428571429,"random_word"
"1218",218,0.784126984126984,"random_word"
"1219",219,0.821031746031746,"random_word"
"1220",220,0.765873015873016,"random_word"
"1221",221,0.746825396825397,"random_word"
"1222",222,0.808333333333333,"random_word"
"1223",223,0.800396825396825,"random_word"
"1224",224,0.76984126984127,"random_word"
"1225",225,0.801190476190476,"random_word"
"1226",226,0.778571428571429,"random_word"
"1227",227,0.856746031746032,"random_word"
"1228",228,0.812698412698413,"random_word"
"1229",229,0.800793650793651,"random_word"
"1230",230,0.732539682539683,"random_word"
"1231",231,0.773015873015873,"random_word"
"1232",232,0.702777777777778,"random_word"
"1233",233,0.772619047619048,"random_word"
"1234",234,0.740476190476191,"random_word"
"1235",235,0.778174603174603,"random_word"
"1236",236,0.788095238095238,"random_word"
"1237",237,0.823412698412698,"random_word"
"1238",238,0.71031746031746,"random_word"
"1239",239,0.816269841269841,"random_word"
"1240",240,0.853571428571429,"random_word"
"1241",241,0.807936507936508,"random_word"
"1242",242,0.83015873015873,"random_word"
"1243",243,0.741666666666667,"random_word"
"1244",244,0.750396825396825,"random_word"
"1245",245,0.81031746031746,"random_word"
"1246",246,0.716666666666667,"random_word"
"1247",247,0.775,"random_word"
"1248",248,0.773412698412698,"random_word"
"1249",249,0.772619047619048,"random_word"
"1250",250,0.769444444444444,"random_word"
"1251",251,0.782539682539683,"random_word"
"1252",252,0.772619047619048,"random_word"
"1253",253,0.736111111111111,"random_word"
"1254",254,0.759920634920635,"random_word"
"1255",255,0.793650793650794,"random_word"
"1256",256,0.754365079365079,"random_word"
"1257",257,0.754761904761905,"random_word"
"1258",258,0.786507936507936,"random_word"
"1259",259,0.805952380952381,"random_word"
"1260",260,0.678174603174603,"random_word"
"1261",261,0.720634920634921,"random_word"
"1262",262,0.848412698412698,"random_word"
"1263",263,0.845634920634921,"random_word"
"1264",264,0.877777777777778,"random_word"
"1265",265,0.827380952380952,"random_word"
"1266",266,0.807142857142857,"random_word"
"1267",267,0.745238095238095,"random_word"
"1268",268,0.828174603174603,"random_word"
"1269",269,0.757539682539683,"random_word"
"1270",270,0.796825396825397,"random_word"
"1271",271,0.773809523809524,"random_word"
"1272",272,0.773015873015873,"random_word"
"1273",273,0.827777777777778,"random_word"
"1274",274,0.818253968253968,"random_word"
"1275",275,0.725793650793651,"random_word"
"1276",276,0.774603174603175,"random_word"
"1277",277,0.767857142857143,"random_word"
"1278",278,0.811904761904762,"random_word"
"1279",279,0.8,"random_word"
"1280",280,0.777777777777778,"random_word"
"1281",281,0.79047619047619,"random_word"
"1282",282,0.78452380952381,"random_word"
"1283",283,0.800793650793651,"random_word"
"1284",284,0.858333333333333,"random_word"
"1285",285,0.823015873015873,"random_word"
"1286",286,0.777380952380952,"random_word"
"1287",287,0.807936507936508,"random_word"
"1288",288,0.810714285714286,"random_word"
"1289",289,0.797222222222222,"random_word"
"1290",290,0.772619047619048,"random_word"
"1291",291,0.841666666666667,"random_word"
"1292",292,0.742063492063492,"random_word"
"1293",293,0.837301587301587,"random_word"
"1294",294,0.838888888888889,"random_word"
"1295",295,0.826984126984127,"random_word"
"1296",296,0.81547619047619,"random_word"
"1297",297,0.725396825396825,"random_word"
"1298",298,0.798412698412698,"random_word"
"1299",299,0.818650793650794,"random_word"
"1300",300,0.762301587301587,"random_word"
"1301",301,0.791269841269841,"random_word"
"1302",302,0.844047619047619,"random_word"
"1303",303,0.830952380952381,"random_word"
"1304",304,0.745238095238095,"random_word"
"1305",305,0.724206349206349,"random_word"
"1306",306,0.761111111111111,"random_word"
"1307",307,0.804365079365079,"random_word"
"1308",308,0.835714285714286,"random_word"
"1309",309,0.708730158730159,"random_word"
"1310",310,0.720238095238095,"random_word"
"1311",311,0.739285714285714,"random_word"
"1312",312,0.747222222222222,"random_word"
"1313",313,0.769444444444444,"random_word"
"1314",314,0.859920634920635,"random_word"
"1315",315,0.792063492063492,"random_word"
"1316",316,0.733333333333333,"random_word"
"1317",317,0.820634920634921,"random_word"
"1318",318,0.631349206349206,"random_word"
"1319",319,0.863888888888889,"random_word"
"1320",320,0.870634920634921,"random_word"
"1321",321,0.850793650793651,"random_word"
"1322",322,0.79047619047619,"random_word"
"1323",323,0.838888888888889,"random_word"
"1324",324,0.755555555555556,"random_word"
"1325",325,0.825793650793651,"random_word"
"1326",326,0.829761904761905,"random_word"
"1327",327,0.803174603174603,"random_word"
"1328",328,0.798412698412698,"random_word"
"1329",329,0.80515873015873,"random_word"
"1330",330,0.817460317460317,"random_word"
"1331",331,0.862301587301587,"random_word"
"1332",332,0.712301587301587,"random_word"
"1333",333,0.732936507936508,"random_word"
"1334",334,0.686111111111111,"random_word"
"1335",335,0.800793650793651,"random_word"
"1336",336,0.871825396825397,"random_word"
"1337",337,0.794047619047619,"random_word"
"1338",338,0.792857142857143,"random_word"
"1339",339,0.803571428571429,"random_word"
"1340",340,0.782539682539683,"random_word"
"1341",341,0.808730158730159,"random_word"
"1342",342,0.788888888888889,"random_word"
"1343",343,0.761904761904762,"random_word"
"1344",344,0.808730158730159,"random_word"
"1345",345,0.754365079365079,"random_word"
"1346",346,0.828968253968254,"random_word"
"1347",347,0.781349206349206,"random_word"
"1348",348,0.825,"random_word"
"1349",349,0.749206349206349,"random_word"
"1350",350,0.761111111111111,"random_word"
"1351",351,0.681349206349206,"random_word"
"1352",352,0.842460317460317,"random_word"
"1353",353,0.745634920634921,"random_word"
"1354",354,0.724603174603175,"random_word"
"1355",355,0.687301587301587,"random_word"
"1356",356,0.826587301587302,"random_word"
"1357",357,0.807936507936508,"random_word"
"1358",358,0.759523809523809,"random_word"
"1359",359,0.802380952380952,"random_word"
"1360",360,0.777777777777778,"random_word"
"1361",361,0.854365079365079,"random_word"
"1362",362,0.782142857142857,"random_word"
"1363",363,0.770238095238095,"random_word"
"1364",364,0.742857142857143,"random_word"
"1365",365,0.687698412698413,"random_word"
"1366",366,0.789285714285714,"random_word"
"1367",367,0.808333333333333,"random_word"
"1368",368,0.786507936507936,"random_word"
"1369",369,0.821825396825397,"random_word"
"1370",370,0.803571428571429,"random_word"
"1371",371,0.776984126984127,"random_word"
"1372",372,0.696428571428571,"random_word"
"1373",373,0.749603174603175,"random_word"
"1374",374,0.83452380952381,"random_word"
"1375",375,0.850793650793651,"random_word"
"1376",376,0.701984126984127,"random_word"
"1377",377,0.778968253968254,"random_word"
"1378",378,0.805555555555556,"random_word"
"1379",379,0.846825396825397,"random_word"
"1380",380,0.839285714285714,"random_word"
"1381",381,0.848015873015873,"random_word"
"1382",382,0.781349206349206,"random_word"
"1383",383,0.795634920634921,"random_word"
"1384",384,0.832142857142857,"random_word"
"1385",385,0.842460317460317,"random_word"
"1386",386,0.728174603174603,"random_word"
"1387",387,0.704761904761905,"random_word"
"1388",388,0.778571428571429,"random_word"
"1389",389,0.748412698412698,"random_word"
"1390",390,0.749206349206349,"random_word"
"1391",391,0.865873015873016,"random_word"
"1392",392,0.859920634920635,"random_word"
"1393",393,0.763888888888889,"random_word"
"1394",394,0.684920634920635,"random_word"
"1395",395,0.793253968253968,"random_word"
"1396",396,0.794047619047619,"random_word"
"1397",397,0.776587301587302,"random_word"
"1398",398,0.759523809523809,"random_word"
"1399",399,0.790873015873016,"random_word"
"1400",400,0.853968253968254,"random_word"
"1401",401,0.71468253968254,"random_word"
"1402",402,0.788492063492063,"random_word"
"1403",403,0.708333333333333,"random_word"
"1404",404,0.78531746031746,"random_word"
"1405",405,0.825396825396825,"random_word"
"1406",406,0.746825396825397,"random_word"
"1407",407,0.817857142857143,"random_word"
"1408",408,0.751984126984127,"random_word"
"1409",409,0.832142857142857,"random_word"
"1410",410,0.76984126984127,"random_word"
"1411",411,0.702380952380952,"random_word"
"1412",412,0.777380952380952,"random_word"
"1413",413,0.806349206349206,"random_word"
"1414",414,0.775396825396825,"random_word"
"1415",415,0.851984126984127,"random_word"
"1416",416,0.78531746031746,"random_word"
"1417",417,0.682142857142857,"random_word"
"1418",418,0.754761904761905,"random_word"
"1419",419,0.852777777777778,"random_word"
"1420",420,0.732539682539682,"random_word"
"1421",421,0.800396825396825,"random_word"
"1422",422,0.789285714285714,"random_word"
"1423",423,0.777777777777778,"random_word"
"1424",424,0.823809523809524,"random_word"
"1425",425,0.797619047619048,"random_word"
"1426",426,0.751984126984127,"random_word"
"1427",427,0.849206349206349,"random_word"
"1428",428,0.807936507936508,"random_word"
"1429",429,0.752777777777778,"random_word"
"1430",430,0.778174603174603,"random_word"
"1431",431,0.742857142857143,"random_word"
"1432",432,0.762301587301587,"random_word"
"1433",433,0.747222222222222,"random_word"
"1434",434,0.806746031746032,"random_word"
"1435",435,0.78968253968254,"random_word"
"1436",436,0.830952380952381,"random_word"
"1437",437,0.85515873015873,"random_word"
"1438",438,0.704365079365079,"random_word"
"1439",439,0.719444444444444,"random_word"
"1440",440,0.783730158730159,"random_word"
"1441",441,0.781746031746032,"random_word"
"1442",442,0.784920634920635,"random_word"
"1443",443,0.730952380952381,"random_word"
"1444",444,0.725396825396825,"random_word"
"1445",445,0.683333333333333,"random_word"
"1446",446,0.751984126984127,"random_word"
"1447",447,0.794444444444444,"random_word"
"1448",448,0.846825396825397,"random_word"
"1449",449,0.807142857142857,"random_word"
"1450",450,0.770238095238095,"random_word"
"1451",451,0.815079365079365,"random_word"
"1452",452,0.783730158730159,"random_word"
"1453",453,0.826587301587302,"random_word"
"1454",454,0.827777777777778,"random_word"
"1455",455,0.836904761904762,"random_word"
"1456",456,0.855555555555556,"random_word"
"1457",457,0.786111111111111,"random_word"
"1458",458,0.800793650793651,"random_word"
"1459",459,0.768650793650794,"random_word"
"1460",460,0.821428571428571,"random_word"
"1461",461,0.825396825396825,"random_word"
"1462",462,0.76468253968254,"random_word"
"1463",463,0.797619047619048,"random_word"
"1464",464,0.782539682539683,"random_word"
"1465",465,0.838095238095238,"random_word"
"1466",466,0.812698412698413,"random_word"
"1467",467,0.841666666666667,"random_word"
"1468",468,0.745238095238095,"random_word"
"1469",469,0.731349206349206,"random_word"
"1470",470,0.75,"random_word"
"1471",471,0.775793650793651,"random_word"
"1472",472,0.872619047619048,"random_word"
"1473",473,0.806746031746032,"random_word"
"1474",474,0.780952380952381,"random_word"
"1475",475,0.777380952380952,"random_word"
"1476",476,0.73968253968254,"random_word"
"1477",477,0.807142857142857,"random_word"
"1478",478,0.861904761904762,"random_word"
"1479",479,0.786904761904762,"random_word"
"1480",480,0.832142857142857,"random_word"
"1481",481,0.721428571428571,"random_word"
"1482",482,0.8,"random_word"
"1483",483,0.724206349206349,"random_word"
"1484",484,0.844444444444444,"random_word"
"1485",485,0.796031746031746,"random_word"
"1486",486,0.769047619047619,"random_word"
"1487",487,0.859126984126984,"random_word"
"1488",488,0.720238095238095,"random_word"
"1489",489,0.725,"random_word"
"1490",490,0.749603174603175,"random_word"
"1491",491,0.801190476190476,"random_word"
"1492",492,0.831746031746032,"random_word"
"1493",493,0.776587301587302,"random_word"
"1494",494,0.74484126984127,"random_word"
"1495",495,0.78968253968254,"random_word"
"1496",496,0.794444444444444,"random_word"
"1497",497,0.81031746031746,"random_word"
"1498",498,0.740079365079365,"random_word"
"1499",499,0.732539682539682,"random_word"
"1500",500,0.780555555555556,"random_word"
"1501",501,0.698412698412698,"random_word"
"1502",502,0.812301587301587,"random_word"
"1503",503,0.712698412698413,"random_word"
"1504",504,0.824603174603175,"random_word"
"1505",505,0.746428571428571,"random_word"
"1506",506,0.697619047619048,"random_word"
"1507",507,0.815079365079365,"random_word"
"1508",508,0.776984126984127,"random_word"
"1509",509,0.798412698412698,"random_word"
"1510",510,0.776587301587302,"random_word"
"1511",511,0.822619047619048,"random_word"
"1512",512,0.761904761904762,"random_word"
"1513",513,0.699603174603175,"random_word"
"1514",514,0.793253968253968,"random_word"
"1515",515,0.813492063492063,"random_word"
"1516",516,0.790873015873016,"random_word"
"1517",517,0.856349206349206,"random_word"
"1518",518,0.807142857142857,"random_word"
"1519",519,0.66031746031746,"random_word"
"1520",520,0.686507936507937,"random_word"
"1521",521,0.802777777777778,"random_word"
"1522",522,0.865476190476191,"random_word"
"1523",523,0.73015873015873,"random_word"
"1524",524,0.792063492063492,"random_word"
"1525",525,0.815873015873016,"random_word"
"1526",526,0.83531746031746,"random_word"
"1527",527,0.718253968253968,"random_word"
"1528",528,0.776587301587302,"random_word"
"1529",529,0.778571428571429,"random_word"
"1530",530,0.81031746031746,"random_word"
"1531",531,0.770634920634921,"random_word"
"1532",532,0.792857142857143,"random_word"
"1533",533,0.761111111111111,"random_word"
"1534",534,0.831746031746032,"random_word"
"1535",535,0.780952380952381,"random_word"
"1536",536,0.73968253968254,"random_word"
"1537",537,0.86031746031746,"random_word"
"1538",538,0.744444444444444,"random_word"
"1539",539,0.832936507936508,"random_word"
"1540",540,0.810714285714286,"random_word"
"1541",541,0.788888888888889,"random_word"
"1542",542,0.81468253968254,"random_word"
"1543",543,0.795634920634921,"random_word"
"1544",544,0.786111111111111,"random_word"
"1545",545,0.783730158730159,"random_word"
"1546",546,0.784920634920635,"random_word"
"1547",547,0.793650793650794,"random_word"
"1548",548,0.767063492063492,"random_word"
"1549",549,0.820238095238095,"random_word"
"1550",550,0.788888888888889,"random_word"
"1551",551,0.813095238095238,"random_word"
"1552",552,0.75515873015873,"random_word"
"1553",553,0.843253968253968,"random_word"
"1554",554,0.787698412698413,"random_word"
"1555",555,0.767857142857143,"random_word"
"1556",556,0.776587301587302,"random_word"
"1557",557,0.861111111111111,"random_word"
"1558",558,0.675,"random_word"
"1559",559,0.769444444444444,"random_word"
"1560",560,0.758333333333333,"random_word"
"1561",561,0.757936507936508,"random_word"
"1562",562,0.696428571428571,"random_word"
"1563",563,0.871428571428571,"random_word"
"1564",564,0.834920634920635,"random_word"
"1565",565,0.753968253968254,"random_word"
"1566",566,0.871825396825397,"random_word"
"1567",567,0.793253968253968,"random_word"
"1568",568,0.670634920634921,"random_word"
"1569",569,0.789285714285714,"random_word"
"1570",570,0.802777777777778,"random_word"
"1571",571,0.797222222222222,"random_word"
"1572",572,0.836507936507937,"random_word"
"1573",573,0.759523809523809,"random_word"
"1574",574,0.823015873015873,"random_word"
"1575",575,0.796428571428571,"random_word"
"1576",576,0.817063492063492,"random_word"
"1577",577,0.734126984126984,"random_word"
"1578",578,0.786111111111111,"random_word"
"1579",579,0.812698412698413,"random_word"
"1580",580,0.75515873015873,"random_word"
"1581",581,0.81031746031746,"random_word"
"1582",582,0.767063492063492,"random_word"
"1583",583,0.744444444444444,"random_word"
"1584",584,0.820634920634921,"random_word"
"1585",585,0.771428571428571,"random_word"
"1586",586,0.75515873015873,"random_word"
"1587",587,0.708333333333333,"random_word"
"1588",588,0.793650793650794,"random_word"
"1589",589,0.793650793650794,"random_word"
"1590",590,0.863095238095238,"random_word"
"1591",591,0.769047619047619,"random_word"
"1592",592,0.825793650793651,"random_word"
"1593",593,0.667857142857143,"random_word"
"1594",594,0.754365079365079,"random_word"
"1595",595,0.824603174603175,"random_word"
"1596",596,0.723015873015873,"random_word"
"1597",597,0.846031746031746,"random_word"
"1598",598,0.818253968253968,"random_word"
"1599",599,0.798412698412698,"random_word"
"1600",600,0.786111111111111,"random_word"
"1601",601,0.79484126984127,"random_word"
"1602",602,0.748809523809524,"random_word"
"1603",603,0.781349206349206,"random_word"
"1604",604,0.852777777777778,"random_word"
"1605",605,0.809920634920635,"random_word"
"1606",606,0.755952380952381,"random_word"
"1607",607,0.757936507936508,"random_word"
"1608",608,0.810714285714286,"random_word"
"1609",609,0.789285714285714,"random_word"
"1610",610,0.750793650793651,"random_word"
"1611",611,0.742460317460317,"random_word"
"1612",612,0.763888888888889,"random_word"
"1613",613,0.791666666666667,"random_word"
"1614",614,0.795238095238095,"random_word"
"1615",615,0.787698412698413,"random_word"
"1616",616,0.807539682539683,"random_word"
"1617",617,0.753571428571429,"random_word"
"1618",618,0.815079365079365,"random_word"
"1619",619,0.817063492063492,"random_word"
"1620",620,0.812301587301587,"random_word"
"1621",621,0.802777777777778,"random_word"
"1622",622,0.811507936507937,"random_word"
"1623",623,0.774206349206349,"random_word"
"1624",624,0.793650793650794,"random_word"
"1625",625,0.791269841269841,"random_word"
"1626",626,0.737301587301587,"random_word"
"1627",627,0.738888888888889,"random_word"
"1628",628,0.76547619047619,"random_word"
"1629",629,0.779761904761905,"random_word"
"1630",630,0.793650793650794,"random_word"
"1631",631,0.85952380952381,"random_word"
"1632",632,0.798412698412698,"random_word"
"1633",633,0.78968253968254,"random_word"
"1634",634,0.822619047619048,"random_word"
"1635",635,0.800793650793651,"random_word"
"1636",636,0.818253968253968,"random_word"
"1637",637,0.846825396825397,"random_word"
"1638",638,0.855952380952381,"random_word"
"1639",639,0.771031746031746,"random_word"
"1640",640,0.755555555555556,"random_word"
"1641",641,0.708333333333333,"random_word"
"1642",642,0.728174603174603,"random_word"
"1643",643,0.73452380952381,"random_word"
"1644",644,0.819047619047619,"random_word"
"1645",645,0.767857142857143,"random_word"
"1646",646,0.794444444444444,"random_word"
"1647",647,0.797222222222222,"random_word"
"1648",648,0.818650793650794,"random_word"
"1649",649,0.839285714285714,"random_word"
"1650",650,0.831349206349206,"random_word"
"1651",651,0.811507936507937,"random_word"
"1652",652,0.803571428571429,"random_word"
"1653",653,0.788492063492063,"random_word"
"1654",654,0.772222222222222,"random_word"
"1655",655,0.792857142857143,"random_word"
"1656",656,0.643253968253968,"random_word"
"1657",657,0.79484126984127,"random_word"
"1658",658,0.733730158730159,"random_word"
"1659",659,0.739285714285714,"random_word"
"1660",660,0.783333333333333,"random_word"
"1661",661,0.781746031746032,"random_word"
"1662",662,0.800793650793651,"random_word"
"1663",663,0.824206349206349,"random_word"
"1664",664,0.821031746031746,"random_word"
"1665",665,0.746428571428571,"random_word"
"1666",666,0.761904761904762,"random_word"
"1667",667,0.732142857142857,"random_word"
"1668",668,0.780952380952381,"random_word"
"1669",669,0.791269841269841,"random_word"
"1670",670,0.782539682539683,"random_word"
"1671",671,0.81031746031746,"random_word"
"1672",672,0.754761904761905,"random_word"
"1673",673,0.818253968253968,"random_word"
"1674",674,0.826587301587302,"random_word"
"1675",675,0.83452380952381,"random_word"
"1676",676,0.781349206349206,"random_word"
"1677",677,0.748015873015873,"random_word"
"1678",678,0.791269841269841,"random_word"
"1679",679,0.871031746031746,"random_word"
"1680",680,0.75,"random_word"
"1681",681,0.776984126984127,"random_word"
"1682",682,0.766666666666667,"random_word"
"1683",683,0.868253968253968,"random_word"
"1684",684,0.772222222222222,"random_word"
"1685",685,0.811507936507937,"random_word"
"1686",686,0.832539682539683,"random_word"
"1687",687,0.751984126984127,"random_word"
"1688",688,0.81031746031746,"random_word"
"1689",689,0.825,"random_word"
"1690",690,0.883730158730159,"random_word"
"1691",691,0.808730158730159,"random_word"
"1692",692,0.796825396825397,"random_word"
"1693",693,0.707539682539683,"random_word"
"1694",694,0.727380952380952,"random_word"
"1695",695,0.81031746031746,"random_word"
"1696",696,0.841666666666667,"random_word"
"1697",697,0.788095238095238,"random_word"
"1698",698,0.740873015873016,"random_word"
"1699",699,0.734126984126984,"random_word"
"1700",700,0.751984126984127,"random_word"
"1701",701,0.773015873015873,"random_word"
"1702",702,0.756746031746032,"random_word"
"1703",703,0.840873015873016,"random_word"
"1704",704,0.773412698412698,"random_word"
"1705",705,0.746428571428571,"random_word"
"1706",706,0.782539682539683,"random_word"
"1707",707,0.780952380952381,"random_word"
"1708",708,0.783730158730159,"random_word"
"1709",709,0.726587301587302,"random_word"
"1710",710,0.839285714285714,"random_word"
"1711",711,0.833730158730159,"random_word"
"1712",712,0.773015873015873,"random_word"
"1713",713,0.844444444444444,"random_word"
"1714",714,0.801190476190476,"random_word"
"1715",715,0.734523809523809,"random_word"
"1716",716,0.787301587301587,"random_word"
"1717",717,0.728174603174603,"random_word"
"1718",718,0.762301587301587,"random_word"
"1719",719,0.791666666666667,"random_word"
"1720",720,0.666666666666667,"random_word"
"1721",721,0.819047619047619,"random_word"
"1722",722,0.79484126984127,"random_word"
"1723",723,0.761507936507936,"random_word"
"1724",724,0.793650793650794,"random_word"
"1725",725,0.798809523809524,"random_word"
"1726",726,0.753571428571429,"random_word"
"1727",727,0.817063492063492,"random_word"
"1728",728,0.750396825396825,"random_word"
"1729",729,0.743650793650794,"random_word"
"1730",730,0.865079365079365,"random_word"
"1731",731,0.721031746031746,"random_word"
"1732",732,0.84484126984127,"random_word"
"1733",733,0.70515873015873,"random_word"
"1734",734,0.846825396825397,"random_word"
"1735",735,0.773412698412698,"random_word"
"1736",736,0.747222222222222,"random_word"
"1737",737,0.722222222222222,"random_word"
"1738",738,0.777380952380952,"random_word"
"1739",739,0.733730158730159,"random_word"
"1740",740,0.801190476190476,"random_word"
"1741",741,0.862301587301587,"random_word"
"1742",742,0.834126984126984,"random_word"
"1743",743,0.811111111111111,"random_word"
"1744",744,0.796031746031746,"random_word"
"1745",745,0.817857142857143,"random_word"
"1746",746,0.817460317460317,"random_word"
"1747",747,0.815079365079365,"random_word"
"1748",748,0.800793650793651,"random_word"
"1749",749,0.771428571428571,"random_word"
"1750",750,0.855952380952381,"random_word"
"1751",751,0.838888888888889,"random_word"
"1752",752,0.838095238095238,"random_word"
"1753",753,0.734126984126984,"random_word"
"1754",754,0.745634920634921,"random_word"
"1755",755,0.755555555555556,"random_word"
"1756",756,0.804761904761905,"random_word"
"1757",757,0.799206349206349,"random_word"
"1758",758,0.68452380952381,"random_word"
"1759",759,0.743253968253968,"random_word"
"1760",760,0.817460317460317,"random_word"
"1761",761,0.80952380952381,"random_word"
"1762",762,0.797222222222222,"random_word"
"1763",763,0.68968253968254,"random_word"
"1764",764,0.713492063492064,"random_word"
"1765",765,0.719444444444444,"random_word"
"1766",766,0.870238095238095,"random_word"
"1767",767,0.848809523809524,"random_word"
"1768",768,0.774603174603175,"random_word"
"1769",769,0.810714285714286,"random_word"
"1770",770,0.816666666666667,"random_word"
"1771",771,0.816269841269841,"random_word"
"1772",772,0.755555555555556,"random_word"
"1773",773,0.827777777777778,"random_word"
"1774",774,0.811507936507937,"random_word"
"1775",775,0.841269841269841,"random_word"
"1776",776,0.817460317460317,"random_word"
"1777",777,0.803174603174603,"random_word"
"1778",778,0.750396825396825,"random_word"
"1779",779,0.728174603174603,"random_word"
"1780",780,0.766269841269841,"random_word"
"1781",781,0.721428571428571,"random_word"
"1782",782,0.744444444444444,"random_word"
"1783",783,0.722222222222222,"random_word"
"1784",784,0.753174603174603,"random_word"
"1785",785,0.796428571428571,"random_word"
"1786",786,0.735714285714286,"random_word"
"1787",787,0.734920634920635,"random_word"
"1788",788,0.709920634920635,"random_word"
"1789",789,0.796428571428571,"random_word"
"1790",790,0.767460317460318,"random_word"
"1791",791,0.782539682539683,"random_word"
"1792",792,0.806746031746032,"random_word"
"1793",793,0.753968253968254,"random_word"
"1794",794,0.802777777777778,"random_word"
"1795",795,0.738492063492064,"random_word"
"1796",796,0.765079365079365,"random_word"
"1797",797,0.774206349206349,"random_word"
"1798",798,0.752777777777778,"random_word"
"1799",799,0.806746031746032,"random_word"
"1800",800,0.721428571428571,"random_word"
"1801",801,0.769444444444444,"random_word"
"1802",802,0.783730158730159,"random_word"
"1803",803,0.8,"random_word"
"1804",804,0.787301587301587,"random_word"
"1805",805,0.671031746031746,"random_word"
"1806",806,0.800396825396825,"random_word"
"1807",807,0.813492063492063,"random_word"
"1808",808,0.803571428571429,"random_word"
"1809",809,0.740476190476191,"random_word"
"1810",810,0.791269841269841,"random_word"
"1811",811,0.8,"random_word"
"1812",812,0.732142857142857,"random_word"
"1813",813,0.803174603174603,"random_word"
"1814",814,0.824603174603175,"random_word"
"1815",815,0.845238095238095,"random_word"
"1816",816,0.80515873015873,"random_word"
"1817",817,0.833730158730159,"random_word"
"1818",818,0.847619047619048,"random_word"
"1819",819,0.79484126984127,"random_word"
"1820",820,0.819444444444444,"random_word"
"1821",821,0.797222222222222,"random_word"
"1822",822,0.751984126984127,"random_word"
"1823",823,0.708730158730159,"random_word"
"1824",824,0.725396825396825,"random_word"
"1825",825,0.838492063492064,"random_word"
"1826",826,0.759523809523809,"random_word"
"1827",827,0.716269841269841,"random_word"
"1828",828,0.786507936507936,"random_word"
"1829",829,0.809126984126984,"random_word"
"1830",830,0.772619047619048,"random_word"
"1831",831,0.802777777777778,"random_word"
"1832",832,0.718253968253968,"random_word"
"1833",833,0.720238095238095,"random_word"
"1834",834,0.79047619047619,"random_word"
"1835",835,0.788888888888889,"random_word"
"1836",836,0.783730158730159,"random_word"
"1837",837,0.805555555555556,"random_word"
"1838",838,0.838492063492064,"random_word"
"1839",839,0.851587301587302,"random_word"
"1840",840,0.803174603174603,"random_word"
"1841",841,0.86984126984127,"random_word"
"1842",842,0.85,"random_word"
"1843",843,0.794047619047619,"random_word"
"1844",844,0.764285714285714,"random_word"
"1845",845,0.764285714285714,"random_word"
"1846",846,0.713492063492064,"random_word"
"1847",847,0.801587301587302,"random_word"
"1848",848,0.85,"random_word"
"1849",849,0.816666666666667,"random_word"
"1850",850,0.751190476190476,"random_word"
"1851",851,0.737301587301587,"random_word"
"1852",852,0.85,"random_word"
"1853",853,0.701587301587302,"random_word"
"1854",854,0.773412698412698,"random_word"
"1855",855,0.801984126984127,"random_word"
"1856",856,0.746428571428571,"random_word"
"1857",857,0.796825396825397,"random_word"
"1858",858,0.717857142857143,"random_word"
"1859",859,0.821428571428571,"random_word"
"1860",860,0.848015873015873,"random_word"
"1861",861,0.724206349206349,"random_word"
"1862",862,0.74484126984127,"random_word"
"1863",863,0.798412698412698,"random_word"
"1864",864,0.727380952380952,"random_word"
"1865",865,0.73452380952381,"random_word"
"1866",866,0.751190476190476,"random_word"
"1867",867,0.761507936507936,"random_word"
"1868",868,0.795238095238095,"random_word"
"1869",869,0.766269841269841,"random_word"
"1870",870,0.725,"random_word"
"1871",871,0.772222222222222,"random_word"
"1872",872,0.848015873015873,"random_word"
"1873",873,0.661904761904762,"random_word"
"1874",874,0.78452380952381,"random_word"
"1875",875,0.726190476190476,"random_word"
"1876",876,0.782142857142857,"random_word"
"1877",877,0.696428571428571,"random_word"
"1878",878,0.837698412698413,"random_word"
"1879",879,0.88015873015873,"random_word"
"1880",880,0.730952380952381,"random_word"
"1881",881,0.869444444444444,"random_word"
"1882",882,0.762698412698413,"random_word"
"1883",883,0.854761904761905,"random_word"
"1884",884,0.781746031746032,"random_word"
"1885",885,0.821825396825397,"random_word"
"1886",886,0.80515873015873,"random_word"
"1887",887,0.758730158730159,"random_word"
"1888",888,0.759523809523809,"random_word"
"1889",889,0.781746031746032,"random_word"
"1890",890,0.849603174603175,"random_word"
"1891",891,0.840873015873016,"random_word"
"1892",892,0.812301587301587,"random_word"
"1893",893,0.799206349206349,"random_word"
"1894",894,0.787301587301587,"random_word"
"1895",895,0.768253968253968,"random_word"
"1896",896,0.772619047619048,"random_word"
"1897",897,0.836111111111111,"random_word"
"1898",898,0.779365079365079,"random_word"
"1899",899,0.784126984126984,"random_word"
"1900",900,0.84484126984127,"random_word"
"1901",901,0.851190476190476,"random_word"
"1902",902,0.813492063492063,"random_word"
"1903",903,0.807936507936508,"random_word"
"1904",904,0.755952380952381,"random_word"
"1905",905,0.838095238095238,"random_word"
"1906",906,0.808730158730159,"random_word"
"1907",907,0.795634920634921,"random_word"
"1908",908,0.734920634920635,"random_word"
"1909",909,0.757539682539683,"random_word"
"1910",910,0.846031746031746,"random_word"
"1911",911,0.759920634920635,"random_word"
"1912",912,0.722222222222222,"random_word"
"1913",913,0.832539682539683,"random_word"
"1914",914,0.753174603174603,"random_word"
"1915",915,0.782539682539683,"random_word"
"1916",916,0.787301587301587,"random_word"
"1917",917,0.761111111111111,"random_word"
"1918",918,0.754365079365079,"random_word"
"1919",919,0.773412698412698,"random_word"
"1920",920,0.813492063492063,"random_word"
"1921",921,0.735714285714286,"random_word"
"1922",922,0.792857142857143,"random_word"
"1923",923,0.784126984126984,"random_word"
"1924",924,0.805952380952381,"random_word"
"1925",925,0.759523809523809,"random_word"
"1926",926,0.768253968253968,"random_word"
"1927",927,0.816269841269841,"random_word"
"1928",928,0.713095238095238,"random_word"
"1929",929,0.81031746031746,"random_word"
"1930",930,0.849603174603175,"random_word"
"1931",931,0.775396825396825,"random_word"
"1932",932,0.805952380952381,"random_word"
"1933",933,0.853968253968254,"random_word"
"1934",934,0.784126984126984,"random_word"
"1935",935,0.705555555555556,"random_word"
"1936",936,0.78452380952381,"random_word"
"1937",937,0.796031746031746,"random_word"
"1938",938,0.789285714285714,"random_word"
"1939",939,0.790079365079365,"random_word"
"1940",940,0.772222222222222,"random_word"
"1941",941,0.811111111111111,"random_word"
"1942",942,0.854761904761905,"random_word"
"1943",943,0.823412698412698,"random_word"
"1944",944,0.814285714285714,"random_word"
"1945",945,0.781746031746032,"random_word"
"1946",946,0.776190476190476,"random_word"
"1947",947,0.74484126984127,"random_word"
"1948",948,0.744047619047619,"random_word"
"1949",949,0.771031746031746,"random_word"
"1950",950,0.757936507936508,"random_word"
"1951",951,0.863492063492064,"random_word"
"1952",952,0.775396825396825,"random_word"
"1953",953,0.796428571428571,"random_word"
"1954",954,0.758730158730159,"random_word"
"1955",955,0.831746031746032,"random_word"
"1956",956,0.796825396825397,"random_word"
"1957",957,0.773015873015873,"random_word"
"1958",958,0.833730158730159,"random_word"
"1959",959,0.803571428571429,"random_word"
"1960",960,0.876190476190476,"random_word"
"1961",961,0.791269841269841,"random_word"
"1962",962,0.750396825396825,"random_word"
"1963",963,0.731349206349206,"random_word"
"1964",964,0.771825396825397,"random_word"
"1965",965,0.85515873015873,"random_word"
"1966",966,0.848412698412698,"random_word"
"1967",967,0.852380952380952,"random_word"
"1968",968,0.822619047619048,"random_word"
"1969",969,0.849603174603175,"random_word"
"1970",970,0.705952380952381,"random_word"
"1971",971,0.804761904761905,"random_word"
"1972",972,0.846825396825397,"random_word"
"1973",973,0.750396825396825,"random_word"
"1974",974,0.851984126984127,"random_word"
"1975",975,0.765873015873016,"random_word"
"1976",976,0.803968253968254,"random_word"
"1977",977,0.898015873015873,"random_word"
"1978",978,0.720634920634921,"random_word"
"1979",979,0.856746031746032,"random_word"
"1980",980,0.79484126984127,"random_word"
"1981",981,0.742857142857143,"random_word"
"1982",982,0.778174603174603,"random_word"
"1983",983,0.813095238095238,"random_word"
"1984",984,0.763095238095238,"random_word"
"1985",985,0.820634920634921,"random_word"
"1986",986,0.789285714285714,"random_word"
"1987",987,0.737698412698413,"random_word"
"1988",988,0.751190476190476,"random_word"
"1989",989,0.730555555555556,"random_word"
"1990",990,0.743253968253968,"random_word"
"1991",991,0.729365079365079,"random_word"
"1992",992,0.798412698412698,"random_word"
"1993",993,0.745634920634921,"random_word"
"1994",994,0.86031746031746,"random_word"
"1995",995,0.771031746031746,"random_word"
"1996",996,0.707142857142857,"random_word"
"1997",997,0.826587301587302,"random_word"
"1998",998,0.817857142857143,"random_word"
"1999",999,0.757936507936508,"random_word"
"2000",1000,0.726587301587302,"random_word"
